{
  "roc_auc": 0.6287996031746032,
  "average_precision": 0.8077587562433137,
  "brier_score": 0.23649050851636486,
  "log_loss": 0.6656756811821023,
  "accuracy@0.50": 0.599,
  "f1@0.50": 0.68300395256917,
  "confusion_matrix@0.50": [
    [
      167,
      113
    ],
    [
      288,
      432
    ]
  ],
  "classification_report@0.50": {
    "0": {
      "precision": 0.367032967032967,
      "recall": 0.5964285714285714,
      "f1-score": 0.454421768707483,
      "support": 280.0
    },
    "1": {
      "precision": 0.7926605504587156,
      "recall": 0.6,
      "f1-score": 0.68300395256917,
      "support": 720.0
    },
    "accuracy": 0.599,
    "macro avg": {
      "precision": 0.5798467587458414,
      "recall": 0.5982142857142857,
      "f1-score": 0.5687128606383265,
      "support": 1000.0
    },
    "weighted avg": {
      "precision": 0.673484827099506,
      "recall": 0.599,
      "f1-score": 0.6190009410878977,
      "support": 1000.0
    }
  }
}